N ж—Ґз›®,г‚ўг‚Їгѓ‚пїЅїЅ гѓ¦гѓјг‚¶гѓј
2024/10/1,0
2024/10/2,0
2024/10/3,0
2024/10/4,0
2024/10/5,0
2024/10/6,0
2024/10/7,0
2024/10/8,0
2024/10/9,0
2024/10/10,0
2024/10/11,0
2024/10/12,0
2024/10/13,0
2024/10/14,0
2024/10/15,0
2024/10/16,0
2024/10/17,0
2024/10/18,0
2024/10/19,0
2024/10/20,0
2024/10/21,0
2024/10/22,0
2024/10/23,0
2024/10/24,0
2024/10/25,0
2024/10/26,0
2024/10/27,0
2024/10/28,0
2024/10/29,0
2024/10/30,0
2024/10/31,0
2024/11/1,0
2024/11/2,0
2024/11/3,0
2024/11/4,0
2024/11/5,0
2024/11/6,0
2024/11/7,0
2024/11/8,0
2024/11/9,0
2024/11/10,0
2024/11/11,0
2024/11/12,0
2024/11/13,0
2024/11/14,0
2024/11/15,0
2024/11/16,0
2024/11/17,0
2024/11/18,0
2024/11/19,0
2024/11/20,0
2024/11/21,0
2024/11/22,0
2024/11/23,0
2024/11/24,0
2024/11/25,0
2024/11/26,18
2024/11/27,4
2024/11/28,2
2024/11/29,2
2024/11/30,2
2024/12/1,4
2024/12/2,8
2024/12/3,2
2024/12/4,7
2024/12/5,6
2024/12/6,3
2024/12/7,3
2024/12/8,0
2024/12/9,9
2024/12/10,1
2024/12/11,2
2024/12/12,1
2024/12/13,1
2024/12/14,2
2024/12/15,1
2024/12/16,1
2024/12/17,98
2024/12/18,38
2024/12/19,4
2024/12/20,1
2024/12/21,3
2024/12/22,2
2024/12/23,0
2024/12/24,13
2024/12/25,4
2024/12/26,4
2024/12/27,5
2024/12/28,4
2024/12/29,2
2024/12/30,0
2024/12/31,3
2025/1/1,2
2025/1/2,3
2025/1/3,3
2025/1/4,1
2025/1/5,17
2025/1/6,119
2025/1/7,1
2025/1/8,1
2025/1/9,1
2025/1/10,6
2025/1/11,3
2025/1/12,0
2025/1/13,1
2025/1/14,3
2025/1/15,3
2025/1/16,1
2025/1/17,1
2025/1/18,3
2025/1/19,9
2025/1/20,2
2025/1/21,7
2025/1/22,2
2025/1/23,0
2025/1/24,1
2025/1/25,0
2025/1/26,0
2025/1/27,5
2025/1/28,8
2025/1/29,11
2025/1/30,5
2025/1/31,7
2025/2/1,5
2025/2/2,0
2025/2/3,6
2025/2/4,8
2025/2/5,12
2025/2/6,5
2025/2/7,2
2025/2/8,1
2025/2/9,19
2025/2/10,0
2025/2/11,4
2025/2/12,8
2025/2/13,3
2025/2/14,0
2025/2/15,5
2025/2/16,10
2025/2/17,5
2025/2/18,5
2025/2/19,3
2025/2/20,12
2025/2/21,26
2025/2/22,5
2025/2/23,22
2025/2/24,6
2025/2/25,4
2025/2/26,1
2025/2/27,4
2025/2/28,2
2025/3/1,1
2025/3/2,2
2025/3/3,4
2025/3/4,4
2025/3/5,2
2025/3/6,6
2025/3/7,10
2025/3/8,1
2025/3/9,2
2025/3/10,8
2025/3/11,16
2025/3/12,15
2025/3/13,30
2025/3/14,16
2025/3/15,4
2025/3/16,3
2025/3/17,2
2025/3/18,7
2025/3/19,2
2025/3/20,6
2025/3/21,4
2025/3/22,2
2025/3/23,6
2025/3/24,54
2025/3/25,119
2025/3/26,25
2025/3/27,9
2025/3/28,16
2025/3/29,15
2025/3/30,8
2025/3/31,30
2025/4/1,4
2025/4/2,2
2025/4/3,4
2025/4/4,3
2025/4/5,3
2025/4/6,15
2025/4/7,9
2025/4/8,1
2025/4/9,6
2025/4/10,2
2025/4/11,2
2025/4/12,0
2025/4/13,2
2025/4/14,4
2025/4/15,2
2025/4/16,3
2025/4/17,3
2025/4/18,29
2025/4/19,6
2025/4/20,6
2025/4/21,0
2025/4/22,2
2025/4/23,6
2025/4/24,5
2025/4/25,2
2025/4/26,0
2025/4/27,3
2025/4/28,1
2025/4/29,4
2025/4/30,3
2025/5/1,3
2025/5/2,4
2025/5/3,5
2025/5/4,1
2025/5/5,1
2025/5/6,0
2025/5/7,0
2025/5/8,3
2025/5/9,10
2025/5/10,2
2025/5/11,0
2025/5/12,2
2025/5/13,3
2025/5/14,4
2025/5/15,3
2025/5/16,1
2025/5/17,1
2025/5/18,1
2025/5/19,2
2025/5/20,5
2025/5/21,1
2025/5/22,1
2025/5/23,2
2025/5/24,4
2025/5/25,7
2025/5/26,8
2025/5/27,1
2025/5/28,1
2025/5/29,3
2025/5/30,1
2025/5/31,1
2025/6/1,1
2025/6/2,2
2025/6/3,2
2025/6/4,2
2025/6/5,3
2025/6/6,2
2025/6/7,1
2025/6/8,2
2025/6/9,3
2025/6/10,2
2025/6/11,1
2025/6/12,2
2025/6/13,5
2025/6/14,2
2025/6/15,1
2025/6/16,5
2025/6/17,3
2025/6/18,3
2025/6/19,3
2025/6/20,2
2025/6/21,2
2025/6/22,0
2025/6/23,1
2025/6/24,4
2025/6/25,2
2025/6/26,2
2025/6/27,3
2025/6/28,0
2025/6/29,3
2025/6/30,2
2025/7/1,2
2025/7/2,3
2025/7/3,5
2025/7/4,0
2025/7/5,1
2025/7/6,5
2025/7/7,3
2025/7/8,3
2025/7/9,3
2025/7/10,2
2025/7/11,3
2025/7/12,0
2025/7/13,3
2025/7/14,4
2025/7/15,4
2025/7/16,5
2025/7/17,2
2025/7/18,4
2025/7/19,1
2025/7/20,1
2025/7/21,2
2025/7/22,4
2025/7/23,5
2025/7/24,4
2025/7/25,2
2025/7/26,1
2025/7/27,1
2025/7/28,1
2025/7/29,5
2025/7/30,4
2025/7/31,127
2025/8/1,74
2025/8/2,11
2025/8/3,4
2025/8/4,3
2025/8/5,4
2025/8/6,2
2025/8/7,4
2025/8/8,7
2025/8/9,2
2025/8/10,4
2025/8/11,3
2025/8/12,1
2025/8/13,2
2025/8/14,7
2025/8/15,3
2025/8/16,2
2025/8/17,3
2025/8/18,4
2025/8/19,1
2025/8/20,6
2025/8/21,5
2025/8/22,7
2025/8/23,6
2025/8/24,8
2025/8/25,5
2025/8/26,5
2025/8/27,3
2025/8/28,3
2025/8/29,10
2025/8/30,4
2025/8/31,3
2025/9/1,4
2025/9/2,4
2025/9/3,3
2025/9/4,2
2025/9/5,4
2025/9/6,3
2025/9/7,4
2025/9/8,1
2025/9/9,5
2025/9/10,6
2025/9/11,2
2025/9/12,3
2025/9/13,0
2025/9/14,1
2025/9/15,3
2025/9/16,3
2025/9/17,1
2025/9/18,3
2025/9/19,1
2025/9/20,0
2025/9/21,2
2025/9/22,1
2025/9/23,2
2025/9/24,3
2025/9/25,9
2025/9/26,1
2025/9/27,1
2025/9/28,5
2025/9/29,4
2025/9/30,7
2025/10/1,1
2025/10/2,2
2025/10/3,3
2025/10/4,2
2025/10/5,1
2025/10/6,1
2025/10/7,3
2025/10/8,2
2025/10/9,1
2025/10/10,1
2025/10/11,3
2025/10/12,2
2025/10/13,2
2025/10/14,3
2025/10/15,21
2025/10/16,9
2025/10/17,0
2025/10/18,0
2025/10/19,2
2025/10/20,7
2025/10/21,1
2025/10/22,2
2025/10/23,2
2025/10/24,2
2025/10/25,4
2025/10/26,4
2025/10/27,1
2025/10/28,3
2025/10/29,0
2025/10/30,2
2025/10/31,6
2025/11/1,6
2025/11/2,6
2025/11/3,1
2025/11/4,3
2025/11/5,1
2025/11/6,1
2025/11/7,5
2025/11/8,2
2025/11/9,5
2025/11/10,1
2025/11/11,4
2025/11/12,6
2025/11/13,1
2025/11/14,2
2025/11/15,7
2025/11/16,2
2025/11/17,2
2025/11/18,3
2025/11/19,3
2025/11/20,1
2025/11/21,2
2025/11/22,1
2025/11/23,0
2025/11/24,1
2025/11/25,1
2025/11/26,1
2025/11/27,0
2025/11/28,0
2025/11/29,0
2025/11/30,1
2025/12/1,1
2025/12/2,1
2025/12/3,1
2025/12/4,2
2025/12/5,2
2025/12/6,2
2025/12/7,2
2025/12/8,0
2025/12/9,1
2025/12/10,1
2025/12/11,2
2025/12/12,1
2025/12/13,0
2025/12/14,0
2025/12/15,0
2025/12/16,3
2025/12/17,0
2025/12/18,2
2025/12/19,1
2025/12/20,2
2025/12/21,3
2025/12/22,3
2025/12/23,4
2025/12/24,4
2025/12/25,3
2025/12/26,98
2025/12/27,8
2025/12/28,3
2025/12/29,4
2025/12/30,1
2025/12/31,3
2026/1/1,1
2026/1/2,0
2026/1/3,4
2026/1/4,4
2026/1/5,2
2026/1/6,3
2026/1/7,5
2026/1/8,1
2026/1/9,3
2026/1/10,1
2026/1/11,2
2026/1/12,3
2026/1/13,54
2026/1/14,47
2026/1/15,10
2026/1/16,6
2026/1/17,3
2026/1/18,7
2026/1/19,4
2026/1/20,1
2026/1/21,7
2026/1/22,1
2026/1/23,2
2026/1/24,2
2026/1/25,0
2026/1/26,0
2026/1/27,1
2026/1/28,1
2026/1/29,1
2026/1/30,3
2026/1/31,3
2026/2/1,1
2026/2/2,2
2026/2/3,2
2026/2/4,0
2026/2/5,5
2026/2/6,5
2026/2/7,0
2026/2/8,2
2026/2/9,2
2026/2/10,3
2026/2/11,4
2026/2/12,6
2026/2/13,9
2026/2/14,3
2026/2/15,5
2026/2/16,5
2026/2/17,4
2026/2/18,2
2026/2/19,3
2026/2/20,5
2026/2/21,3
2026/2/22,3
2026/2/23,4
2026/2/24,31
2026/2/25,13
2026/2/26,4
2026/2/27,3
2026/2/28,4
2026/3/1,1
2026/3/2,1
2026/3/3,5
2026/3/4,3
2026/3/5,5
2026/3/6,8
2026/3/7,3
2026/3/8,22
2026/3/9,5
2026/3/10,8
2026/3/11,0